0,1,2,3,4,5,6
img_00943.jpg,113.609458719,96.656701224,92.5212969097,74.5340862445,1280,750
img_05654.jpg,67.5453002111,106.718205043,49.4519914899,47.6635408403,1280,720
img_00376.jpg,130.805368423,206.208190918,139.526814052,90.844022206,1280,720
img_00921.jpg,118.944842475,126.432702201,123.57523237,82.4505962644,1280,720
img_04382.jpg,175.710078001,191.922324045,121.760864258,102.085420506,1280,974
img_04370.jpg,118.59019007,214.018162319,124.159469605,83.7992109571,1280,720
img_02180.jpg,117.404990878,172.843093872,121.729354858,80.1012080057,1280,720
img_04321.jpg,102.720518793,104.861635481,87.5222069874,77.056358201,1280,720
img_05682.jpg,126.005213601,102.30658395,115.33366612,84.2180279323,1280,720
img_01102.jpg,102.645785808,115.432422791,117.507280878,79.0648499726,1518,854
img_07371.jpg,131.233172314,112.137135097,85.11957986,95.4056209498,1280,974
img_05260.jpg,97.5818232129,155.278952462,108.843830654,61.3782978059,1280,720
img_04757.jpg,198.250890459,192.425973075,220.051204137,83.9849792207,1280,720
img_07352.jpg,110.305615834,94.5577131,84.5262745446,72.8761809214,1280,750
img_05273.jpg,112.729621615,172.687639509,119.970877511,64.7517320087,1280,720
img_04268.jpg,215.565490723,184.692099435,211.012551444,98.8028076716,1280,720
img_01825.jpg,101.563674212,135.230306012,97.3151510951,64.1900876762,1518,854
img_00982.jpg,110.600714854,149.877624443,114.353438854,79.3279394081,1192,670
img_02679.jpg,85.3118501901,78.0891845485,76.2080502854,62.5786496399,1518,854
img_06962.jpg,110.692393439,88.6307416646,83.9420536589,78.452063288,1280,720
img_00726.jpg,96.3502292123,147.010574341,96.9474356514,68.6776936055,1280,750
img_00723.jpg,252.593636513,202.110137497,227.495601552,117.109869208,1334,750
img_04532.jpg,80.2626800538,130.157416207,132.785415649,64.1059848241,1280,720
img_01649.jpg,215.38406917,328.930991037,253.563276018,90.7462794439,1280,720
img_07474.jpg,94.6757861547,165.847429548,112.33631679,59.7050591879,1280,720
img_04811.jpg,121.397482497,172.36151559,116.495742798,83.0956080131,1280,750
img_03677.jpg,117.96078137,205.681871687,143.679449899,85.5068676811,1280,720
img_00223.jpg,80.6047521319,125.349764143,73.8314819337,52.7192810605,1280,720
img_05253.jpg,136.27590595,136.179973057,97.4551609583,91.5368905748,1280,974
img_03261.jpg,103.344342368,104.926365443,76.1066164291,72.6027141298,1280,720
img_05508.jpg,164.34766388,202.054225377,122.92943682,105.339010477,1280,924
img_00648.jpg,205.964607852,177.510746547,184.217856271,108.322288309,1280,750
img_04324.jpg,51.7163167681,76.4861368283,47.6246290036,36.0668523483,1276,718
img_06681.jpg,89.7840990337,117.034705026,79.9986430577,63.1558758873,1280,720
img_06780.jpg,102.806226867,105.544466291,89.7663116457,77.9225063323,1280,720
img_00518.jpg,75.324833393,110.964181083,65.9233420234,57.6832294463,1280,750
img_02231.jpg,115.90890067,220.353306362,121.386119298,87.9855966569,1280,720
img_07428.jpg,107.392240252,171.339318411,99.4749886651,68.5165786743,1280,720
img_04795.jpg,110.545132501,88.9293452674,84.1355841503,78.3768878666,1280,720
img_00730.jpg,117.14427403,130.226800101,111.997451782,84.7164835247,1280,720
img_05269.jpg,121.12869433,167.783864975,132.03503343,76.4365916592,1192,670
img_06748.jpg,176.3061362,195.867985317,121.113019671,104.917953423,1280,974
img_05520.jpg,109.888748441,165.085797991,121.052376883,78.2802486421,1280,720
img_01431.jpg,197.697907857,176.336604527,188.557826451,104.898858752,1280,720
img_00551.jpg,87.2233833584,107.185200282,67.2427967617,61.9235863004,1280,720
img_00473.jpg,123.444378376,185.364074707,116.466522217,80.5126854352,1280,750
img_00302.jpg,108.691017968,87.3040771486,84.8858806063,77.936613219,1280,720
img_05768.jpg,125.792991093,203.93888201,139.910038539,89.4402490342,1280,720
img_04507.jpg,109.605814729,155.317938669,100.928126744,70.7915936196,1280,750
img_04076.jpg,109.867891584,206.849474226,134.777788435,85.2297326495,1280,720
img_06564.jpg,116.894151143,228.172825405,132.587836129,86.6388579776,1280,720
img_04990.jpg,127.756466184,206.125597273,142.397373745,90.5495432445,1280,720
img_02759.jpg,159.758857318,154.72769601,116.295449393,110.440718344,1280,974
img_03995.jpg,101.197804723,140.2041299,104.210444859,67.5686704262,1280,750
img_04069.jpg,90.5159957069,110.058495658,68.3242743354,64.8110226224,1280,720
img_01888.jpg,80.3663573946,129.885755266,133.259778704,64.1338123593,1280,720
img_01983.jpg,131.180828639,212.363542829,133.678904942,85.835035188,1280,720
img_01647.jpg,115.766503981,146.141414182,108.28004895,81.0950568743,1334,750
img_00543.jpg,204.08721481,177.760227749,183.091757638,108.092742307,1280,750
img_03231.jpg,95.8663191115,134.767565046,86.6330827983,63.0592305319,1280,720
img_05981.jpg,116.649309737,172.323676246,122.496101107,74.5000696182,1192,670
img_03199.jpg,107.793351582,123.737302507,103.170307705,81.0735225676,1280,720
img_03422.jpg,79.7340304511,115.537218366,59.076559884,60.0642667498,1280,720
img_05558.jpg,137.969288145,117.43850708,126.90801348,86.3742235728,1280,720
img_06521.jpg,156.812716893,123.156890869,144.596296038,90.5984299524,1280,720
img_06525.jpg,112.500674384,112.963856289,87.8656986783,79.0740782875,1280,720
img_07188.jpg,158.079104764,120.297960554,137.798178537,86.1263317721,1280,750
img_07623.jpg,116.855800152,166.619764055,98.4879847937,63.7704389437,1280,750
img_01022.jpg,149.241273062,160.886252267,149.341430664,90.8877468108,1280,720
img_05445.jpg,120.43368612,134.919804165,106.528679984,82.6333665846,1280,720
img_03290.jpg,138.482518877,121.62600926,133.988309588,87.4199785506,1280,720
img_00974.jpg,118.695541109,209.197038923,127.477209909,88.1131104061,1280,720
img_03082.jpg,96.4489345041,98.8417053223,85.5827822006,72.5405918702,1280,750
img_03588.jpg,102.214320047,156.502053397,120.490897042,75.462562016,1280,720
img_02124.jpg,109.632936205,166.663883754,120.635637556,77.4298197884,1280,720
img_06800.jpg,148.790612902,158.58833313,146.57699585,89.7732537133,1280,720
img_05719.jpg,185.020594972,203.157348633,124.619227818,106.920939531,1280,974
img_05989.jpg,99.7265788486,109.696971349,79.328858512,70.5070168631,1280,720
img_03869.jpg,120.484880039,183.616921561,112.974504743,73.0266081435,1280,750
img_00964.jpg,182.110849006,200.012948173,121.189858573,105.153681295,1280,974
img_01834.jpg,142.286050251,174.659478324,107.789579119,91.2665039131,1280,974
img_04647.jpg,181.002272027,173.021665301,171.67653765,104.587478297,1280,750
img_01538.jpg,108.500056948,191.051068987,123.250819615,73.506940433,1280,720
img_06345.jpg,117.404669523,146.200365339,119.728894915,86.0278308392,1280,750
img_00808.jpg,84.2612007687,116.109640939,79.63974544,54.5004027231,1280,720
img_02726.jpg,128.674216952,210.015476772,131.158033098,84.4481461388,1280,720
img_02974.jpg,136.688998767,107.152535575,117.072067261,85.2700748615,1280,750
img_07910.jpg,131.492604154,201.484171867,128.0676198,84.9974036217,1276,718
img_01413.jpg,104.212286813,156.99231829,95.5055345806,68.174898965,1280,720
img_00538.jpg,144.117266791,234.102565221,184.544655936,82.1883283341,1280,720
img_03739.jpg,118.131942494,91.4480263846,68.5405240743,90.1078354459,1280,974
img_03195.jpg,385.747612544,322.223728725,386.542140416,105.710179465,1280,720
img_00575.jpg,120.768879482,183.984113421,131.448778425,77.7623094832,1280,720
img_00040.jpg,111.497141974,89.2273821149,89.0400259834,79.1345889228,1280,720
img_06849.jpg,122.691719873,123.96597726,115.265851702,85.0557599749,1280,720
img_00876.jpg,114.726166725,200.630003112,134.707734482,84.7228969847,1276,718
img_06684.jpg,111.993672507,225.093231201,138.493794033,85.5082961492,1280,720
img_02789.jpg,132.541154112,182.443509783,139.09791129,89.4726365806,1280,750
img_06630.jpg,121.414669582,201.654052734,140.975843157,92.7299370086,1280,720
img_02216.jpg,115.928828716,183.868859904,136.907439675,86.5255355834,1244,700
img_04640.jpg,265.706822532,236.669267927,282.752838135,93.524667876,1280,720
img_00374.jpg,110.574327196,197.12084089,120.909096854,82.2712898253,1280,720
img_01058.jpg,161.581246376,200.879996163,121.727262225,104.417744637,1280,924
img_00103.jpg,87.3151057106,124.817777361,79.2771748131,62.2154596873,1280,720
img_05595.jpg,108.414594105,124.945493426,104.876665388,81.1430883408,1280,720
img_03087.jpg,113.625461033,210.803963798,134.230782645,81.2956769126,1280,720
img_03310.jpg,112.331857681,117.850973947,108.525848389,77.9746484758,1280,720
img_06211.jpg,46.1707060677,58.5660661971,23.749495915,34.6007568497,1280,720
img_00320.jpg,129.516437599,205.025577954,128.692252976,84.9694332906,1276,718
img_03809.jpg,169.588799987,212.950090681,130.59450422,101.168583972,1280,974
img_05359.jpg,151.572324208,137.581253052,166.578009469,85.8028548105,1280,720
img_02379.jpg,112.953403167,165.29700143,117.71005903,78.2846063374,1280,750
img_07023.jpg,126.078511987,184.760938372,116.121041434,79.3054167713,1280,750
img_00282.jpg,90.7146201815,109.779347011,66.9062151229,65.424135753,1280,720
img_06902.jpg,119.308611665,183.015435219,133.291530336,84.0885128294,1192,670
img_01963.jpg,128.681761878,188.66594587,113.628300258,78.9990446397,1280,750
img_03456.jpg,122.145390272,198.985465322,144.195281165,91.6870080914,1276,718
img_01505.jpg,116.332782541,200.675701618,142.781484979,88.2693270955,1276,718
img_01388.jpg,110.329427719,201.441977365,132.816565377,91.682183402,1280,720
img_05026.jpg,181.689172472,151.178665161,186.44241333,93.9716986246,1280,720
img_02540.jpg,127.469534193,215.169612339,157.94342041,88.3261789595,1280,720
img_00772.jpg,191.587270362,212.031446185,126.491666521,110.145451001,1280,974
img_00175.jpg,94.266649655,112.430147443,73.8249697006,66.9855553763,1280,720
img_01627.jpg,73.85334083,136.558042254,78.4481157577,60.0627034051,1280,720
img_03867.jpg,110.124255589,197.213984898,129.271403721,77.2209692,1280,720
img_07574.jpg,122.577296836,181.854182652,109.994168963,78.8019597529,1280,750
img_05410.jpg,171.705432756,167.085157122,127.578462873,118.203797902,1280,974
img_01249.jpg,150.428397315,155.752378191,154.38571385,96.2483576365,1280,720
img_02082.jpg,134.749838284,186.847032819,141.385574341,90.5488346304,1280,750
img_06144.jpg,68.7395121372,88.0227606634,52.5402396066,52.8528583902,1280,750
img_04671.jpg,135.861335482,121.22530256,131.349912371,86.0921410153,1280,720
img_04511.jpg,99.5855651582,170.946044922,109.360188075,65.8513947896,1280,720
img_04585.jpg,130.52372115,207.784576416,138.251375471,85.2575601851,1280,720
img_03871.jpg,119.025834969,166.68460301,116.007886614,79.8367049012,1280,750
img_06559.jpg,91.1341117962,99.9431418863,74.1689521074,63.4698910373,1334,750
img_05185.jpg,111.826594387,155.005885533,107.443444388,80.1621143307,1280,750
img_06324.jpg,259.190924508,205.80304827,251.000170026,106.301209586,1280,720
img_01059.jpg,119.030060087,181.337400164,122.616195679,80.3700358528,1280,720
img_02811.jpg,105.178997857,120.909445626,87.7327837263,73.6365999494,1280,720
img_02563.jpg,111.344167165,192.646375383,116.797071185,76.977982521,1280,720
img_02573.jpg,111.577721664,152.484991278,115.867588929,79.9045054401,1192,670
img_03628.jpg,116.410987718,177.525885446,118.230895996,78.9222951445,1280,750
img_06909.jpg,96.6254547664,140.936573574,93.6484200611,67.523278509,1280,720
img_06808.jpg,161.083946228,278.063746861,173.422906058,88.4162214823,1280,720
img_05548.jpg,110.846569879,133.860288347,107.290627616,72.1161093031,1280,720
img_01495.jpg,92.1336283003,133.322481428,89.3223408291,57.933814185,1280,720
img_06832.jpg,134.265424183,204.871215821,120.772160121,76.7864819935,1280,720
img_01213.jpg,112.899394716,171.781539917,103.205555507,70.2925259728,1280,720
img_01803.jpg,181.704928977,199.919869559,121.492919922,104.477407779,1280,974
img_01253.jpg,105.414754578,139.735739571,98.9792197091,71.9218764988,1280,750
img_05209.jpg,107.101323264,139.285376413,102.211728777,72.8345489503,1280,720
img_03346.jpg,108.896251406,172.919431414,106.535437447,71.8142918178,1280,720
img_04013.jpg,108.519086838,159.709636143,123.954533168,77.7484049117,1280,720
img_01932.jpg,174.450175421,297.33758109,188.31804548,87.7338000707,1280,720
img_07678.jpg,105.734935488,107.021070208,74.9794496811,71.9598422732,1280,720
img_06585.jpg,106.316928864,123.742490496,86.6430773051,81.3442386899,1280,720
img_02651.jpg,124.17028938,119.443116597,128.458308084,81.8874834264,1192,670
img_07420.jpg,124.979561397,191.338348389,142.855366298,77.2062553678,1280,720
img_01874.jpg,110.492763519,174.871684483,116.629823957,77.286960738,1280,720
img_02001.jpg,267.222322736,238.545772007,284.402727399,92.4208177837,1280,720
img_05030.jpg,116.00976399,183.075169155,124.127567836,78.8357571194,1280,720
img_04888.jpg,114.147011723,174.222597395,111.726390294,74.8400943619,1280,750
img_00009.jpg,95.81395013,169.019840786,105.502286638,64.9045842033,1280,720
img_05059.jpg,107.303470578,182.702846255,108.751732486,76.7844646148,1276,718
img_01771.jpg,96.3003158569,143.254612514,89.3963350566,57.820732253,1280,720
img_03563.jpg,118.067060198,135.506461007,108.568398612,86.4812007971,1280,750
img_07043.jpg,254.526686873,308.899702958,274.530094351,141.552700451,1732,974
img_03718.jpg,86.5864767346,106.043995449,66.2765121457,61.4926671981,1280,720
img_03946.jpg,111.795403617,164.11782401,123.853291103,78.0037573407,1280,720
img_00587.jpg,175.305073602,151.875861031,192.459389823,88.9666475567,1280,720
img_02209.jpg,111.942725863,167.792151315,121.335906982,78.7955147878,1280,720
img_05587.jpg,148.040697915,153.287909371,146.508723667,93.8664272854,1280,720
img_05210.jpg,113.79765749,148.308969838,117.774537018,82.3849322967,1192,670
img_03445.jpg,149.273093258,151.320717028,153.434354936,92.7243424312,1334,750
img_00948.jpg,117.097678355,181.458919798,121.325238228,79.0605909484,1192,670
img_00486.jpg,121.845711299,136.439623151,103.863078526,82.5147301809,1280,720
img_02943.jpg,109.274654389,174.300417219,122.393744333,67.5416585379,1280,720
img_03297.jpg,92.4179915019,166.432636806,116.885288783,56.4036737169,1280,720
img_02699.jpg,105.935965266,123.511428833,98.6253465926,77.7988710573,1280,750
img_07872.jpg,129.253383637,149.124908924,121.374674065,88.7988950014,1518,854
img_00383.jpg,182.369074651,173.353053502,172.470539638,104.833341071,1280,750
img_05264.jpg,182.667313746,200.436030797,121.402784075,104.080983877,1280,974
img_07561.jpg,58.5102346965,99.6647099086,31.9199425834,40.8298240389,1280,720
img_03924.jpg,106.317753315,180.532384498,112.99379468,77.4630584718,1276,718
img_07224.jpg,110.337765557,202.798331125,137.110715594,91.7942721502,1280,720
img_03974.jpg,123.576728106,146.529777527,133.625073705,83.6121211732,1192,670
img_06010.jpg,197.391811098,162.61303493,194.915335519,98.0145263671,1280,720
img_05139.jpg,154.371874571,156.871566773,112.591400146,103.245366182,1280,974
img_05603.jpg,68.5021407265,106.215547834,79.1506740023,51.0711877688,1280,720
img_07068.jpg,116.826688221,183.752506801,125.265699114,79.3216875622,1280,720
img_05813.jpg,111.75053869,208.119746617,123.965781075,81.4678900583,1280,720
img_03547.jpg,101.800971712,128.680518014,94.7625841411,68.741510255,1280,720
img_05755.jpg,106.668908256,173.967448643,99.9984632217,69.5123985835,1280,720
img_04752.jpg,84.4303424017,107.550299508,61.701158796,60.1497050692,1280,720
img_01511.jpg,87.2914041791,118.607668195,78.3983666554,63.1963389259,1280,720
img_05459.jpg,146.441696712,243.018210275,161.554587228,86.4918054852,1280,720
img_04959.jpg,83.7278366088,138.062264579,104.304417202,52.7402911866,1280,720
img_07318.jpg,186.18429763,184.826311384,149.180134365,126.875437021,1280,974
img_05766.jpg,86.2016119277,121.177171979,79.6980939594,54.6898003988,1280,720
img_06959.jpg,182.644284112,304.245561872,199.21875,90.3087023326,1280,720
img_03116.jpg,108.810518129,184.509317126,110.035245555,77.4867614166,1276,718
img_03223.jpg,239.508126838,147.688565935,166.785648891,124.252548729,1280,974
img_03996.jpg,102.146513803,139.444274902,95.9020342143,70.4632309505,1280,720
img_00533.jpg,161.154695238,126.359797886,148.832800729,91.6835199085,1280,720
img_00717.jpg,143.934913363,175.651855469,153.335157122,88.2315996715,1280,720
img_03764.jpg,167.759378978,287.007075718,180.069601877,89.2701939176,1280,720
img_07757.jpg,113.606577873,140.776578682,108.068190183,76.7617505787,1518,854
img_00120.jpg,127.379166739,205.70905413,141.691229684,89.9937956674,1280,720
img_07149.jpg,263.052765301,302.596223967,303.298936571,93.4520015546,1192,670
img_01208.jpg,121.183073861,195.669424874,120.38230896,81.2099749703,1280,720
img_04263.jpg,122.914591006,190.073765346,115.189612253,74.2396243982,1280,750
img_04482.jpg,114.076366425,163.560278756,111.284168789,72.8136369161,1280,720
img_03014.jpg,121.888772419,199.189033372,144.96206212,91.5234718323,1276,718
img_02641.jpg,106.399645124,108.651373727,85.3485706874,74.6882036752,1280,720
img_01681.jpg,130.954244307,193.506317139,124.467337472,80.284161227,1280,750
img_00125.jpg,164.180177961,267.606680734,183.307473319,84.1493143353,1280,720
img_01847.jpg,184.337588719,141.043603079,171.461399623,95.7523543492,1280,720
img_02270.jpg,132.721869605,142.473776681,119.850758144,87.2613266535,1280,720
img_04629.jpg,125.834098884,181.041575841,111.959370205,76.5897312335,1280,750
img_00729.jpg,124.306746892,182.593547276,109.575358799,78.3005016191,1280,750
img_02764.jpg,173.238447394,279.284707206,201.674924306,80.7613532033,1192,670
img_05979.jpg,95.0960673606,125.999849251,107.509780952,71.7556032112,1192,670
img_07908.jpg,174.944866725,299.177464077,188.113730294,87.4263790675,1280,720
img_01328.jpg,104.40643583,173.435407366,100.599735805,69.6201528822,1280,720
img_04766.jpg,109.71480642,126.354925973,107.218780518,81.7152908869,1280,720
img_05922.jpg,111.702914919,170.720520019,101.547273909,69.0320900507,1280,720
img_05584.jpg,126.422951562,139.805363246,108.076302665,83.9726747785,1280,720
img_04061.jpg,87.0486198152,83.2949447634,65.7032448903,65.389251709,1280,720
img_06318.jpg,121.923265457,195.075465611,136.426936558,85.1938799448,1280,720
img_01856.jpg,109.897473029,168.977890015,120.188609532,78.0335643462,1280,750
img_07543.jpg,181.94692203,315.827658517,199.729396275,85.5079344341,1280,720
img_01782.jpg,167.346729142,276.144622939,186.266764777,87.8509704214,1276,718
img_03805.jpg,114.593618938,201.863730294,139.25617763,84.5593520574,1280,720
img_00417.jpg,116.629434483,147.966690063,117.43635995,85.8961918523,1280,750
img_03312.jpg,103.37880952,151.448484149,105.94733102,61.3431807927,1280,720
img_00469.jpg,174.80710847,298.232465471,188.881378174,87.7257626397,1280,720
img_02507.jpg,120.681467056,212.685219901,133.970674787,86.4612313679,1280,720
img_00170.jpg,104.089315959,132.032623291,88.8116019114,71.435772351,1280,720
img_00483.jpg,118.439401899,103.541739327,100.516401018,77.3871264288,1280,750
img_06859.jpg,120.132089342,206.295057024,127.157429286,81.0854530335,1280,720
img_05438.jpg,116.072432654,194.550933838,123.556801932,77.3042862758,1280,720
img_06103.jpg,153.156528643,156.375335898,165.280889034,88.4843303475,1192,670
img_06673.jpg,127.264508179,188.09387207,113.090318953,80.7840547393,1280,750
img_05692.jpg,145.522363458,154.202510289,107.190486363,94.6257359813,1280,974
img_01853.jpg,148.577936718,134.767107282,157.010094779,88.0713905606,1280,720
img_01490.jpg,173.41208165,188.514600481,119.895455497,102.282873596,1280,974
img_02406.jpg,85.2980600086,107.087238857,60.8433260234,60.8478702818,1280,720
img_02916.jpg,100.178391593,153.825596401,95.418450492,56.389364515,1280,720
img_02356.jpg,138.123801776,154.580851963,171.350010463,83.7415478059,1280,750
img_01996.jpg,102.879949297,157.040808542,120.504531861,75.8300031935,1280,720
img_02006.jpg,135.94676154,131.627851214,129.010598319,88.2987683159,1280,720
img_07348.jpg,250.547289848,200.454253606,225.863957643,116.380410535,1334,750
img_07199.jpg,183.152830941,204.775761195,220.145002093,94.382300377,1280,720
img_05479.jpg,115.530571256,217.287488665,127.125331334,86.7447914397,1280,720
img_07460.jpg,91.9120625087,153.742196219,104.345528739,59.5159251348,1280,720
img_06955.jpg,86.3798148292,121.488560268,88.8595145091,61.684106418,1280,720
img_05433.jpg,235.746198382,224.267098563,268.379887172,82.734236036,1280,720
img_00071.jpg,130.552302769,198.660975865,151.898138863,80.6730672291,1280,720
img_07905.jpg,128.438341958,206.924721854,139.89201137,90.8535800661,1280,720
img_05612.jpg,86.6280984879,138.449521746,74.044908796,60.9982272556,1280,720
img_00007.jpg,111.874649865,210.144369943,123.368879046,81.9896302903,1280,720
img_00212.jpg,118.451663426,149.647358486,120.139181954,86.2077942917,1280,750
img_04830.jpg,69.5383059127,107.075794765,62.4892698017,54.0564230511,1280,750
img_00564.jpg,115.724708012,202.962036133,130.39050511,88.2795545032,1280,720
img_04221.jpg,218.977996281,355.057743618,248.29498291,90.1670939582,1280,720
img_05817.jpg,122.807713917,104.220254081,102.973240443,82.0654371807,1280,720
img_06099.jpg,245.462090492,217.239924329,221.608343227,123.980814695,1518,854
img_07580.jpg,109.388355528,160.899396624,123.806838989,77.869744982,1280,720
img_02799.jpg,183.02827222,173.864103045,173.125566755,104.982127036,1280,750
img_00005.jpg,147.365001951,232.958374023,155.128740583,89.0153564725,1280,720
img_07103.jpg,181.670269796,172.981796265,171.820297241,104.729181954,1280,750
img_06059.jpg,121.367891857,198.24029105,142.32421875,84.3148449489,1280,720
img_04282.jpg,115.388263975,181.505126953,123.981813703,78.2802792958,1280,720
img_05471.jpg,123.722006934,104.145573207,104.861493792,82.1919945307,1280,720
img_00075.jpg,137.327102933,247.971322196,150.679146903,86.4644009728,1280,720
img_02574.jpg,219.043546404,354.75075858,244.937351772,92.0671340397,1280,720
img_04128.jpg,154.854344164,193.884168353,135.242625645,105.055410896,1280,974
img_00550.jpg,114.888937814,206.635872977,139.323174613,89.5759596145,1280,720
img_00289.jpg,133.709452663,212.32949434,170.63188403,75.7759508066,1192,670
img_05950.jpg,128.797597034,194.024624075,130.889540604,85.6047052315,1276,718
img_04478.jpg,115.441859109,206.495099749,135.876377651,80.3326320649,1280,720
img_06165.jpg,157.988132375,179.345027379,117.799126761,97.7160161732,1280,974
img_07590.jpg,79.4059932231,73.3163561137,64.2065756663,61.678379774,1280,750
img_07094.jpg,111.129334995,103.325783866,99.5980072023,74.8404966934,1280,750
img_07501.jpg,205.447260141,198.121958409,200.801092641,119.746014118,1518,854
img_06756.jpg,115.920475551,137.249025617,104.013246809,80.8132226127,1280,720
img_01646.jpg,104.84078816,142.066835676,107.80330113,71.3535465513,1280,720
img_02299.jpg,45.3664020131,59.0190288,22.0378834861,33.1239509582,1280,720
img_06608.jpg,91.296331542,156.871163505,89.1588374549,62.0654031209,1280,720
img_04546.jpg,150.386951412,151.106632778,109.613505772,102.412012628,1280,974
img_03581.jpg,104.762657711,133.987361363,90.2994373869,71.4092077527,1280,720
img_07417.jpg,169.070435865,182.544555664,126.881059919,105.725547177,1280,974
img_01543.jpg,116.733949355,112.777933121,120.614091124,79.1032929931,1192,670
img_04044.jpg,130.040751866,120.597730364,112.980793544,85.593703815,1280,720
img_02954.jpg,118.58972311,189.565579687,119.339829615,76.1849105359,1244,700
img_04285.jpg,169.323557445,143.830795288,174.258379255,92.4527284078,1280,720
img_01384.jpg,113.233276095,207.535095215,134.839859009,89.4160876956,1280,720
img_02135.jpg,289.807540348,410.849914551,358.708408901,104.527812685,1280,720
img_06614.jpg,83.7025533405,106.280048915,60.2994319371,59.9343987873,1280,720
img_07146.jpg,84.0624868868,92.2072274343,68.2146181377,61.7641274417,1280,750
img_02871.jpg,115.535157067,183.337511335,125.21786281,78.5664572034,1280,720
img_02384.jpg,131.446094513,209.199785505,145.703648158,87.5158882142,1280,720
img_00650.jpg,111.506387166,170.736683437,119.324700492,77.7575213569,1280,720
img_02904.jpg,107.474085944,141.098458426,103.876288278,76.010590962,1280,720
img_05078.jpg,98.9761948587,139.403217861,86.2436512537,68.7223523856,1280,750
img_06966.jpg,127.165558679,205.798906599,143.35597447,90.5654832294,1280,720
img_02830.jpg,118.168025698,186.269683838,125.578111921,79.938920566,1280,720
img_04461.jpg,160.391415187,146.399645124,150.373131888,93.5171638216,1280,720
img_04425.jpg,121.991120747,196.859152658,126.336680821,80.4020813534,1280,720
img_00152.jpg,268.173110485,262.955147879,241.337411063,133.72695475,1280,974
img_04520.jpg,141.921158348,207.87109375,154.069835118,96.2422192098,1280,750
img_03080.jpg,129.674025944,183.377489362,119.594214303,81.3517570497,1280,750
img_02625.jpg,109.349069595,165.764127459,120.286320278,77.4647528786,1280,720
img_03935.jpg,148.402397122,205.392368862,161.313313075,100.987992117,1280,750
img_07434.jpg,224.967314243,215.444519724,225.60773359,123.518664837,1518,854
img_00708.jpg,119.190318244,191.374402727,132.417188372,82.7779729024,1280,720
img_02282.jpg,174.778379406,169.84173366,133.760190691,122.320754545,1280,974
img_06455.jpg,46.4189406805,62.2052764891,21.3866479056,32.771576132,1280,720
img_04261.jpg,99.6332275015,104.787194388,90.00390734,74.8541504146,1280,750
img_00676.jpg,114.605273758,200.973774092,133.857042551,85.1321931055,1276,718
img_00432.jpg,123.624773025,216.377759661,155.930535453,90.4806518554,1280,720
img_06294.jpg,126.572958061,189.207698277,117.994221279,76.0910255568,1280,750
img_03444.jpg,116.582495826,158.586970738,124.613483974,75.6090453693,1280,750
img_01773.jpg,128.684271404,206.438031878,141.22240339,90.0493158613,1280,720
img_00777.jpg,112.504990441,206.220223563,126.14377703,84.8102106365,1280,720
img_01687.jpg,93.8573476245,98.461488996,77.5223704749,72.6932225909,1280,720
img_03923.jpg,174.877293451,177.57170541,183.609902518,97.8587252752,1280,720
img_06899.jpg,129.07318558,177.161865234,134.599533081,86.5183302335,1280,750
img_01595.jpg,171.02660983,286.936424119,190.559077944,89.2764424256,1276,718
img_05673.jpg,98.4299836841,172.522615705,121.033096314,62.661012922,1280,720
img_00612.jpg,115.441160202,171.477366856,121.821474348,79.8588650568,1280,720
img_03333.jpg,109.531263624,165.543103899,120.233132499,78.0143390383,1280,720
img_07251.jpg,129.279899597,112.787094116,116.345868792,83.6443540029,1280,720
img_03370.jpg,149.855183193,106.223090035,126.087809971,86.612881933,1280,720
img_06986.jpg,124.72029141,204.168178013,126.542347499,78.353259904,1280,720
img_07921.jpg,79.0124457224,128.354895455,141.614565168,61.9016013826,1280,720
img_05095.jpg,116.385101591,214.887172154,128.601848057,81.4819662913,1280,720
img_05623.jpg,121.423595973,229.664154053,149.938550677,80.0587340762,1280,720
img_04233.jpg,93.0752706529,138.810217721,122.167870658,72.2890520097,1280,720
img_05740.jpg,139.391711099,251.195111956,154.111883981,87.1117360251,1280,720
img_06003.jpg,127.291423252,212.144688198,134.452808925,85.3104073661,1280,720
img_03945.jpg,107.995090485,164.261834281,120.352979387,76.9890056339,1280,720
img_00999.jpg,132.570807593,114.346934727,122.059249878,85.5783401217,1280,720
img_06412.jpg,121.719711849,193.360377721,137.142584665,87.33774662,1280,720
img_03892.jpg,90.8393444335,114.901559012,78.4988784789,67.8360210146,1280,720
img_05015.jpg,96.4446708134,100.272314889,72.9424994331,69.8047808239,1280,720
img_03239.jpg,331.252439363,286.438555036,292.969730922,132.344567486,1280,974
img_04432.jpg,184.302666358,174.352918353,173.687144688,105.160110763,1280,750
img_07467.jpg,191.817896707,178.29309736,179.683728899,106.912595885,1280,750
img_02556.jpg,148.525653567,133.263549805,157.035925729,89.157823154,1280,720
img_03760.jpg,114.904252461,176.683273315,121.891196115,78.7753323148,1280,720
img_06662.jpg,107.737316404,119.423849923,79.4066837857,74.0357739585,1280,720
img_03504.jpg,111.521640505,201.666652134,134.541091919,93.0891139168,1280,720
img_00027.jpg,164.346738543,143.300181798,178.873716082,88.4413146973,1280,720
img_01031.jpg,96.8855033604,150.161296299,92.4187578474,54.4327681407,1280,720
img_00442.jpg,159.290553127,163.986216954,120.104195731,103.594649485,1280,974
img_07538.jpg,109.444954736,87.8014101303,82.4794551303,77.6375791004,1280,720
img_04003.jpg,101.86150074,117.617340088,84.5325306486,71.6165869577,1280,720
img_03457.jpg,126.134940556,189.685668945,126.63482666,65.7459088734,1280,720
img_04310.jpg,127.509396417,140.568302699,111.081205095,84.7941970825,1280,720
img_02367.jpg,200.428733826,320.188010079,217.167380197,89.7199528558,1280,720
img_02479.jpg,206.323882512,237.557910476,218.266517265,132.841791323,1732,974
img_05615.jpg,129.854649339,192.870122909,130.04787755,84.1360580411,1276,718
img_06947.jpg,151.781738179,258.341545241,165.213758367,86.3275013821,1276,718
img_01616.jpg,116.42448817,155.195083618,124.649527414,80.3837669749,1280,750
img_05055.jpg,113.976943323,156.537276268,128.110920361,82.0414047583,1192,670
img_02834.jpg,127.444496155,206.246839251,144.369277954,90.9664964675,1280,720
img_01371.jpg,82.0497892585,131.235289028,87.8962748733,56.2363161531,1276,718
img_02546.jpg,110.858935288,135.756789548,114.658846923,81.4165571758,1192,670
img_06975.jpg,130.250767299,206.582859584,140.724792481,91.3343300139,1280,720
img_03929.jpg,109.774090903,161.313454764,124.008778163,77.8528976442,1280,720
img_04024.jpg,134.415529796,119.44468907,129.679336548,85.7736233303,1280,720
img_04341.jpg,90.578868985,135.656563895,96.4574541366,62.4326999699,1280,750
img_05967.jpg,100.753935405,143.153588431,91.1369868686,66.7306688853,1280,720
img_00590.jpg,156.96815627,143.827841622,170.968028477,87.6746872495,1280,720
img_04740.jpg,126.108676365,211.895381382,155.598765782,90.6774187089,1280,720
img_05963.jpg,74.6319110053,71.1018535069,39.1515977042,60.1083040236,1280,720
img_05211.jpg,121.922701427,196.624777658,143.168542045,92.8249147961,1280,720
img_01392.jpg,177.286468234,197.354256766,121.783774239,106.185242653,1280,974
img_04879.jpg,83.2211596626,127.221341814,163.068629674,57.8842653549,1280,720
img_06332.jpg,108.099013567,154.780131749,110.35446167,71.854757411,1280,750
img_01090.jpg,133.402639151,170.406790954,125.60856235,93.3591434957,1518,854
img_07157.jpg,91.4809533528,167.265635899,94.0778677806,60.2260085514,1280,720
img_02074.jpg,81.1198037012,116.352506365,61.589617048,60.9088345936,1280,720
img_05580.jpg,129.737745013,205.030648368,141.009401594,88.3101347515,1280,720
img_05879.jpg,119.070927756,232.480926514,131.576276507,87.2544847217,1280,720
img_07578.jpg,188.533083746,207.709306989,124.38721793,108.899335231,1280,974
img_00141.jpg,185.591623204,205.500444685,123.527276175,105.019101688,1280,974
img_05722.jpg,129.102127893,175.513872419,135.784988403,90.1223123073,1280,750
img_00889.jpg,158.239327737,160.458592006,116.465203422,105.210044333,1280,974
img_01562.jpg,126.059213366,204.363970075,140.688225882,90.1068408148,1280,720
img_04415.jpg,217.01580865,351.987762451,242.090279715,91.9071640286,1280,720
img_02638.jpg,64.5561483927,83.9670944211,58.5759026663,43.7363086429,1280,720
img_01781.jpg,197.828983579,199.515315465,207.617340088,105.030523028,1280,720
img_04870.jpg,100.90261255,120.521098546,85.2477863857,72.2151027408,1280,720
img_02078.jpg,132.277569601,198.025052922,123.930331503,76.3374375445,1334,750
img_06508.jpg,109.004520689,129.848055158,120.069198609,78.8907807215,1280,720
img_07859.jpg,115.966264214,200.738523483,142.555426223,87.957202656,1276,718
img_01399.jpg,177.452173573,198.250688825,122.989392962,105.89170037,1280,974
img_04991.jpg,83.0766820908,128.691667829,165.135171073,57.0097793851,1280,720
img_07833.jpg,112.402079446,218.076891218,135.575659615,81.905019624,1280,720
img_07563.jpg,113.334433692,178.88873509,123.574120658,77.7865014759,1280,720
img_02876.jpg,122.85343664,180.67376273,113.538109915,77.6225222009,1280,750
img_01134.jpg,90.6340496882,110.832977295,71.53805324,64.7865240914,1280,720
img_06506.jpg,83.4354791982,129.280129603,90.9049500229,57.8522003889,1276,718
img_06101.jpg,160.8837627,163.605510167,118.998304095,107.971468261,1280,974
img_00894.jpg,105.791591746,142.851442337,118.769320828,77.5519679273,1192,670
img_06147.jpg,308.863740376,189.167262486,215.889500209,140.907328742,1280,974
img_04247.jpg,100.004400526,142.534125192,101.778172084,66.9535313334,1280,750
img_06892.jpg,102.338743891,102.128001622,75.9156581331,73.1079748697,1280,720
img_01995.jpg,110.052611487,162.332349505,123.849694388,77.3814235413,1280,720
img_02188.jpg,128.11192785,205.740378243,144.238161359,91.8422147205,1280,720
img_03254.jpg,108.353691101,163.65310669,120.169830322,77.4487515857,1280,720
img_00950.jpg,123.45866612,206.891784668,148.964484078,95.068811008,1280,720
img_03439.jpg,106.777986799,133.841367449,92.3129599434,73.0808155877,1280,720
img_07717.jpg,115.770590646,121.113880702,110.009078979,79.1981036322,1280,720
img_04145.jpg,225.430698395,217.218933106,256.032082694,82.8935868401,1280,720
img_03776.jpg,112.473696096,159.818911689,122.877210379,79.7151133675,1276,718
img_04410.jpg,116.650465556,218.755623954,125.143356323,87.5752830505,1280,720
img_03891.jpg,118.814097813,191.785060338,122.28628976,67.8775262834,1280,720
img_07514.jpg,258.862444333,383.306841169,291.871534075,96.4748816829,1280,750
img_05393.jpg,169.058294092,190.247148786,128.615417481,104.726189716,1280,974
img_04419.jpg,103.552395957,121.149760655,100.280957903,77.6699434009,1280,720
img_06807.jpg,140.291652509,194.603860038,150.640858242,96.4435253826,1280,750
img_02749.jpg,104.222145081,129.954430717,88.2139369417,72.1054601669,1280,720
img_01685.jpg,121.284072059,213.472464425,134.15549142,84.2155940192,1280,720
img_00487.jpg,181.921706063,244.157533203,192.876236507,127.447302904,1732,974
img_06658.jpg,123.290793555,105.294058663,104.520950317,82.889307567,1280,720
img_01860.jpg,127.591045925,206.030077253,140.044817243,90.4318080631,1280,720
img_06475.jpg,105.842432295,179.052015032,114.304144723,67.0817409242,1280,720
img_04860.jpg,121.161211559,137.385526385,107.897654942,83.0085999625,1280,720
img_06469.jpg,110.15533856,168.273664202,108.876026698,72.7452482496,1280,720
img_05960.jpg,121.441681726,203.04107666,143.245511736,94.9102755956,1280,720
img_00171.jpg,92.8348650251,112.516850063,72.1619796754,66.1445862907,1280,720
img_00230.jpg,124.366730281,200.269208635,133.716703142,71.3306297575,1280,720
img_03471.jpg,88.2803698949,111.863294329,76.0140500749,63.5690832139,1280,720
img_05489.jpg,81.8734094074,159.820589338,96.4208766394,54.2747722352,1280,720
img_00857.jpg,127.738710608,206.026838098,128.062219858,84.4369332108,1276,718
img_01224.jpg,166.931526593,196.552254813,114.115938459,96.7164347854,1280,974
img_02347.jpg,145.648730516,168.143347008,139.78749173,101.308835149,1518,854
img_00446.jpg,65.8439152583,93.2669939314,57.4546595983,43.3647659848,1280,720
img_05958.jpg,179.244113445,170.205742972,135.412488665,124.283914975,1280,974
img_03324.jpg,178.212842362,208.116455078,121.22517177,100.776862519,1280,974
img_02766.jpg,130.697244099,204.914515154,129.515651839,85.1592463766,1276,718
img_02066.jpg,87.2618232455,88.2535334994,55.9156254359,66.1003528323,1280,720
img_00582.jpg,125.990193231,239.962245396,155.336543492,81.2147876193,1280,720
img_07419.jpg,118.156433378,97.1444484166,71.3516943794,89.1717080901,1280,974
img_04603.jpg,80.9508178915,148.736899239,90.1829147337,60.2388126509,1280,750
img_01366.jpg,94.6640273503,114.644459315,74.2749350411,67.3717260362,1280,720
img_05896.jpg,117.889272145,228.862827846,131.449770246,87.0994990212,1280,720
img_06097.jpg,180.495046888,138.675657,168.512355259,95.1311363493,1280,720
img_00128.jpg,177.380401101,195.162135533,119.456896101,103.676274708,1280,974
img_04675.jpg,177.520578861,195.730111258,119.192515782,105.536993078,1280,974
img_04181.jpg,110.900447028,207.118508475,134.021432059,80.1299735479,1280,720
img_06302.jpg,101.615559033,180.846099854,120.486548287,62.4355602265,1280,720
img_05341.jpg,61.0274648668,85.0910677229,41.8130465916,47.649872303,1280,720
img_02709.jpg,135.256560189,122.915965489,104.804959978,84.7851542065,1280,720
img_03440.jpg,182.632646663,200.810154506,123.209283011,105.070911561,1280,974
img_01444.jpg,97.5807503293,116.882564,90.2815410069,75.4054539544,1280,720
img_01918.jpg,105.895267214,127.28427342,104.573451451,74.4780411039,1280,720
img_04705.jpg,121.317578214,172.13898795,110.14983041,74.9406133379,1280,750
img_02687.jpg,97.7710272586,150.518112183,120.274145944,72.8133405958,1280,750
img_00760.jpg,202.072526387,178.718937465,192.611410958,105.53893498,1280,720
img_06510.jpg,119.745847668,209.021209376,123.882697037,83.5952860798,1276,718
img_07110.jpg,108.388305392,169.210008894,121.877277919,62.2164712635,1280,720
img_05087.jpg,127.791215352,207.941807611,128.150683301,84.711831127,1276,718
img_05292.jpg,168.197544643,144.837482997,181.237542289,88.8969407763,1280,720
img_02487.jpg,106.240664209,89.021851676,79.8412105017,70.8291190011,1280,750
img_04136.jpg,130.735870089,127.697623117,106.392789568,82.3548030853,1280,720
img_03475.jpg,137.711763382,210.33475978,169.35259567,85.3820025922,1244,700
img_05613.jpg,241.238994598,207.0703125,261.985909598,94.6326501029,1280,720
img_00138.jpg,75.1754338399,114.539871216,97.3305838451,50.2713469096,1280,720
img_00119.jpg,114.435250827,200.580327988,133.081569535,85.1873328685,1276,718
img_02305.jpg,111.367586681,163.915754046,124.548906599,77.8858566284,1280,720
img_06371.jpg,313.085660322,297.360839844,267.823028565,140.716692959,1280,974
img_02993.jpg,152.535497802,158.03200858,114.226292202,101.996132033,1280,974
img_07191.jpg,113.757542202,207.568555559,136.467753819,89.9535962514,1280,720
img_02865.jpg,117.283358063,200.217651776,142.257603646,89.4937978813,1276,718
img_05908.jpg,121.76830428,200.353131975,145.382897513,93.1859064103,1280,720
img_00764.jpg,74.7697438513,99.3569946291,79.0146636966,54.6691673143,1280,750
img_03853.jpg,127.068310976,189.435141427,119.677985055,77.5101184845,1280,750
img_04423.jpg,113.235100474,159.138953549,124.24554709,80.771364774,1276,718
img_01530.jpg,131.160246134,185.497147288,157.261567388,88.5376893623,1192,670
img_05196.jpg,83.1066860472,144.659761701,76.2561198646,51.6877126695,1280,720
img_00765.jpg,79.8070355823,130.029471261,133.398993356,63.6318806239,1280,720
img_06210.jpg,170.523249763,148.07018825,185.732029506,88.6304977962,1280,720
img_01377.jpg,91.1167492185,95.297426496,69.9273354669,65.8198826653,1280,720
img_01237.jpg,87.7345332077,92.2625296457,69.6740777154,65.276671733,1280,750
img_02235.jpg,109.885830198,161.825561523,123.947797503,77.8588199614,1280,720
img_00697.jpg,185.438822644,204.883728027,122.814047677,107.061291456,1280,974
img_05119.jpg,90.3584902629,165.358668736,91.7771039691,58.2170064107,1280,720
img_04130.jpg,199.189629555,291.837963377,245.404853276,90.8070021016,1192,670
img_03410.jpg,79.7761712246,108.463536365,71.8918777874,58.1092584302,1276,718
img_06798.jpg,141.024357932,263.172999791,163.22983878,89.098753248,1280,720
img_07689.jpg,97.488040924,100.340935843,72.7986090526,69.997354235,1280,720
img_07122.jpg,141.638905661,260.407431466,142.040002006,88.405265808,1280,720
img_04661.jpg,119.293854577,156.775392805,116.549039568,81.8054069792,1280,720
img_07156.jpg,108.881010328,203.844844273,125.640716553,76.2687390192,1280,720
img_01561.jpg,130.788582393,209.486890521,137.958341326,85.9634440287,1280,720
img_06268.jpg,125.973101173,189.671216692,119.05028207,81.8481317588,1280,750
img_07120.jpg,124.053878444,157.676576887,125.853936331,91.9862943037,1280,750
img_02318.jpg,100.14717068,152.855933053,119.960185459,74.1072190661,1280,750
img_05076.jpg,166.04004315,148.096814837,178.823089599,89.9583292006,1280,720
img_04835.jpg,100.816696031,157.83379691,121.13294329,73.4797014509,1280,720
img_02899.jpg,98.319415365,117.555433001,81.8721062794,71.1064461298,1280,720
img_00599.jpg,69.9730396271,113.920102801,61.0792214531,54.4994279315,1280,720
img_02077.jpg,88.3222675322,105.770884923,65.7734680177,61.2659760885,1280,720
img_05835.jpg,145.451468059,120.366341727,119.8563494,82.4856826236,1280,720
img_05882.jpg,356.340424674,281.797049386,339.892251151,114.598425456,1280,720
img_06238.jpg,172.374188559,296.958661761,181.99785505,85.2474873407,1280,720
img_05927.jpg,252.704984461,350.163657597,312.399000849,95.8190640382,1192,670
img_02636.jpg,159.224191189,188.769487654,120.182876587,101.995237112,1280,924
img_06207.jpg,94.7454438889,112.581372942,74.5087269377,67.3553078515,1280,720
img_05434.jpg,94.2802354266,115.172576905,77.4293300086,71.1020810263,1280,720
img_01171.jpg,105.841077736,181.360324962,112.399833611,77.2987518822,1276,718
img_03943.jpg,124.278200524,187.331063407,109.15385655,77.0764180594,1280,750
img_02416.jpg,105.346452168,131.545345238,103.972487654,76.6350406408,1192,670
img_00962.jpg,180.356943403,200.255148751,120.602406093,100.993764009,1280,974
img_03220.jpg,81.5621995925,111.140605382,71.7727770126,51.5901906151,1280,720
img_06831.jpg,109.798422882,148.198176793,105.581893921,83.0421873502,1280,750
img_07700.jpg,116.253044946,209.936000279,140.152925764,90.9449774878,1280,720
img_03166.jpg,191.833262443,238.021407673,218.928886686,91.7554153714,1192,670
img_05322.jpg,256.172105244,321.042911938,300.258619036,98.1565916538,1192,670
img_03554.jpg,190.269585167,177.952695574,179.008865357,106.577696545,1280,750
img_07354.jpg,128.888164248,205.120827811,137.466975621,89.5433574914,1280,750
img_07084.jpg,125.111882176,186.072867257,119.48273795,79.9775336471,1280,750
img_07060.jpg,96.7238964354,154.339697702,120.93838283,72.3207848413,1280,720
img_00164.jpg,110.14561568,135.756467104,106.719250764,80.5373745305,1334,750
img_04115.jpg,106.96767262,122.557667323,100.782089233,80.5334574835,1280,720
img_05488.jpg,108.161111559,149.851848057,107.260731289,74.0103067671,1280,720
img_01519.jpg,87.6467125755,139.172199794,123.987339565,68.6139842443,1280,720
img_02949.jpg,120.989366259,142.544261387,110.630852835,84.8541804721,1280,720
img_05792.jpg,212.908319746,191.004355294,216.124921526,97.3655053547,1280,720
img_00724.jpg,127.91491832,173.30406189,133.670425415,89.2873597996,1280,750
img_06496.jpg,131.375320979,246.861986433,134.093562535,87.7961744582,1280,720
img_07143.jpg,157.828412737,267.564740862,177.410256522,87.3774800981,1280,720
img_06321.jpg,127.291533606,205.848127093,144.029181344,90.9099463053,1280,720
img_00642.jpg,100.419741358,103.217631749,75.0524302891,71.5913343431,1280,720
img_01684.jpg,109.877553667,165.856159755,102.491117205,69.9831983022,1280,720
img_07147.jpg,122.238111155,198.880334854,143.496852398,91.2093543155,1276,718
img_07278.jpg,188.755222729,167.211347307,169.415097918,104.72787278,1280,750
img_03992.jpg,138.306267738,144.835866706,117.314739755,94.3996169566,1518,854
img_02734.jpg,131.208318983,250.32913208,151.723207746,85.2869020188,1280,720
img_00180.jpg,126.178826605,153.314535958,135.388815743,91.065345066,1280,750
img_01552.jpg,130.841711623,204.956084933,129.046378374,85.1180581537,1276,718
img_04257.jpg,138.842340026,117.273900441,129.886370182,85.2622645242,1334,750
img_05953.jpg,126.887945448,188.629477365,128.879307338,73.7623725618,1280,720
img_02565.jpg,129.539488384,132.018062047,140.641915458,83.9604377745,1280,720
img_00902.jpg,333.928472791,288.793204171,294.695151193,132.995338304,1280,974
img_03711.jpg,100.678018161,105.427158901,74.9012211389,71.7968988418,1280,720
img_02252.jpg,129.069596529,194.525713239,120.508597238,83.7020235402,1280,750
img_05016.jpg,117.956575666,173.367026193,121.903817313,80.4540457045,1280,720
img_00618.jpg,153.541172232,246.918577058,188.452551433,79.5410902161,1192,670
img_03399.jpg,113.699962071,207.192775181,124.609364101,83.1517716815,1280,720
img_04872.jpg,117.602462768,233.832811628,138.973236084,81.3596391678,1280,720
img_05284.jpg,128.923581566,138.815765381,93.8381740023,82.4707682475,1280,974
img_02890.jpg,93.9113964354,112.266638619,72.4085780554,67.2505944117,1280,720
img_02096.jpg,138.379301344,209.615325928,127.608413697,85.4617506265,1280,750
img_05525.jpg,181.51489939,316.653943743,192.771061489,86.6834960664,1280,720
img_03670.jpg,91.5728190117,140.095988682,82.4356024606,66.8478842294,1280,750
img_05454.jpg,67.0488008431,116.651771171,69.159573359,48.9255040885,1334,750
img_01043.jpg,184.476695742,303.494131906,210.996071952,88.4972946986,1280,720
img_02656.jpg,120.880900792,210.366167341,125.437077114,87.5288731712,1280,720
img_01537.jpg,106.86576707,173.422698975,121.04397365,62.0622151239,1280,720
img_06272.jpg,159.833476373,266.572143964,177.7675488,87.3158964601,1276,718
img_04696.jpg,190.230693136,178.164770944,179.35383388,106.519639492,1280,750
img_05724.jpg,115.613851547,204.155752999,136.93624224,85.8466162,1280,720
img_07663.jpg,83.7306845018,65.1406369891,41.2075178964,63.6443193982,1280,974
img_01441.jpg,106.792937432,189.351697649,128.429118565,74.1884452955,1280,750
img_04369.jpg,119.335224969,176.506489345,122.225189209,80.5815410615,1280,720
img_00102.jpg,190.44344902,147.289450509,176.648537772,98.0842638015,1280,720
img_00046.jpg,105.001375079,113.135746547,101.027112689,83.978782807,1280,750
img_05754.jpg,113.471836363,172.335837228,118.910478865,79.1244854245,1280,720
img_05790.jpg,73.3372347696,97.9227556503,48.9707837786,59.5964649745,1280,720
img_05492.jpg,172.89260619,188.154275077,119.516972133,102.347206746,1280,974
img_01640.jpg,208.178567035,177.757154192,185.24987357,108.50414208,1280,750
img_06547.jpg,176.367443289,247.828467778,216.921435083,85.3859646831,1192,670
img_04306.jpg,113.855468375,168.180672782,109.061551775,78.8648511683,1280,750
img_03488.jpg,145.555654253,260.06602696,148.701378958,86.2460109167,1280,720
img_04726.jpg,121.948809283,198.860125814,141.94925281,90.1358377252,1276,718
img_05828.jpg,120.011074202,188.496137346,118.096803938,73.4991431237,1280,750
img_01688.jpg,117.370339802,181.161880493,122.511563982,80.1770026343,1280,720
img_00959.jpg,117.856685604,180.370908465,110.589795794,71.7174857856,1280,750
img_00331.jpg,98.0745955875,146.117989677,96.5932355606,65.7762254987,1280,720
img_01689.jpg,151.275025879,150.794187273,110.366952079,104.894316775,1280,974
img_04657.jpg,86.4840255464,104.207676479,66.5317971366,63.9358867919,1280,720
img_07895.jpg,129.809199844,192.757539,131.444017989,84.8786993706,1276,718
img_00172.jpg,121.809441703,202.244894845,136.613061087,89.7784035547,1280,720
img_04156.jpg,112.362989698,157.626331874,114.291621617,70.1080451691,1280,720
img_07436.jpg,110.693288531,87.6740428377,86.5595681326,78.9892285211,1280,720
img_03886.jpg,141.074972493,211.508113316,150.732084002,91.4139556035,1280,750
img_06541.jpg,233.866473947,257.524224962,261.659200532,92.3827503409,1192,670
img_01618.jpg,147.107129778,273.904375349,148.036804199,87.6513535637,1280,720
img_07079.jpg,130.968103409,208.771362305,139.93182591,86.3574559348,1280,720
img_02268.jpg,130.337689263,141.869659424,130.092021397,87.9215547018,1280,720
img_03252.jpg,129.079403468,192.387735299,129.379382066,84.0810466665,1276,718
img_04476.jpg,128.170354026,132.401907785,140.149906703,84.0053088325,1280,720
img_00798.jpg,115.836422784,214.06463623,123.581739153,82.7125331333,1280,720
img_06137.jpg,173.317667757,195.548749651,124.137289865,106.982353347,1280,974
img_05192.jpg,86.1157199314,91.604232788,64.6059417726,67.4833427158,1280,720
img_04405.jpg,129.609513964,203.579036167,140.527518136,88.1053549904,1280,720
img_00292.jpg,122.234095165,198.338775635,143.537336077,92.2997045517,1280,720
img_03502.jpg,157.366790771,147.814974103,173.577194214,88.2828467232,1280,720
img_06939.jpg,131.848505565,115.804955619,116.584657942,86.651990073,1280,720
img_03210.jpg,180.854474102,202.555389405,123.436791556,107.852629832,1280,974
img_03229.jpg,107.171226229,83.5647256034,80.4766518731,76.8183006558,1280,720
img_03283.jpg,121.757943289,203.53792463,123.451134818,78.9834656035,1280,720
img_04453.jpg,354.512981006,371.451677595,382.765720913,116.689324379,1280,750
img_00966.jpg,133.265133415,103.802054269,114.093693325,82.040343966,1280,750
img_01724.jpg,110.39207186,168.346797398,120.698634557,62.6968656267,1280,720
img_02838.jpg,147.433359964,122.155739921,121.023581369,82.178457805,1280,720
img_05721.jpg,154.731964384,159.672731672,115.257502965,101.658194321,1280,974
img_03238.jpg,162.813569478,137.872968401,159.872676305,91.6776527676,1280,720
img_03490.jpg,107.973452295,135.720016752,107.697024822,79.2038667203,1192,670
img_00285.jpg,119.821799142,187.618212019,127.399782453,82.1848951067,1280,720
img_06033.jpg,115.624576807,167.262159075,118.396464757,77.6184222529,1280,750
img_06189.jpg,130.826225281,243.995426723,147.788391113,84.1634457451,1280,720
img_03074.jpg,111.634949275,150.186429705,113.769247873,74.4662822995,1280,720
img_01142.jpg,110.969356809,112.04398019,88.593597412,77.8809029715,1280,720
img_00833.jpg,118.465809141,192.593209403,135.889314924,84.5468759536,1280,720
img_04118.jpg,113.357117517,206.292506627,125.830655779,88.2178974151,1280,720
img_05539.jpg,91.599988256,108.750664847,68.5194832937,65.5285733087,1280,720
img_01548.jpg,124.345576252,217.088506018,138.125941481,85.6781617402,1276,718
img_00272.jpg,109.217442104,118.946326119,93.3370644703,73.8617154531,1280,720
img_01593.jpg,205.362992968,167.715159825,201.583404541,98.9336994715,1280,720
img_03928.jpg,129.789194379,118.388682774,121.387547084,85.2260909763,1280,720
img_03847.jpg,94.1435807091,141.890760149,202.005637033,48.8917136192,1280,720
img_01286.jpg,224.590783801,358.749302455,254.792981829,91.8599878038,1280,720
img_05222.jpg,134.624217749,209.239848682,165.429766587,86.6865485906,1192,670
img_02964.jpg,179.181828805,198.475319999,122.179837908,107.119777645,1280,974
img_02119.jpg,83.7805856979,132.081974574,78.0535289217,54.1094991139,1280,720
img_04390.jpg,126.156334366,184.61970738,114.777319772,77.1568843296,1280,750
img_02398.jpg,87.2866344452,102.248328073,64.3448529926,64.2946590697,1280,720
img_02889.jpg,135.400620869,125.075269427,106.897027152,85.4832458498,1280,720
img_07818.jpg,182.108057397,173.349870954,172.363433838,104.834222368,1280,750
img_00493.jpg,231.292517526,353.342132569,269.11832537,97.1743726729,1280,720
img_06042.jpg,121.922198704,193.167898995,135.781762259,86.2414251056,1280,720
img_03426.jpg,125.71614555,166.74836295,124.380177089,87.8507111752,1280,750
img_06637.jpg,132.368615014,205.624651227,129.905155727,79.5244073869,1280,720
img_05563.jpg,128.690880367,229.734235491,161.985898699,81.495294571,1280,720
img_06851.jpg,105.233218329,85.3614752634,80.8305794851,76.786181586,1280,720
img_01405.jpg,127.940168381,238.05897304,132.430953979,87.358431816,1280,720
img_06273.jpg,116.321488789,195.548095703,122.518408639,71.6247837884,1280,720
img_00311.jpg,205.764272383,178.676419939,184.848502023,108.505074467,1280,750
img_03361.jpg,173.546984707,212.898036412,143.792648315,116.156582236,1280,974
img_00407.jpg,80.1965352468,121.371045794,63.2544980731,59.2841209683,1280,720
img_06806.jpg,103.995738387,117.262946504,118.765183466,81.1463640929,1518,854
img_06522.jpg,154.111318588,116.080224173,134.431773594,87.0771523886,1280,720
img_02956.jpg,149.437654495,191.57270159,119.18057033,100.079613447,1280,924
img_04272.jpg,122.940174171,186.902879987,116.528527396,80.7706309215,1280,750
img_05251.jpg,115.948468617,182.696751186,124.562639509,78.8615492413,1280,720
img_04037.jpg,93.1275660651,153.393783569,92.5480651857,61.0388864791,1280,720
img_00979.jpg,160.225967237,192.733917237,117.107587542,97.361690385,1280,974
img_01669.jpg,202.282431466,179.032189506,192.563803537,105.927637645,1280,720
img_06611.jpg,181.212208544,198.248138428,121.900209699,104.993308714,1280,974
img_05915.jpg,122.825807503,97.4205998011,73.307533264,91.329053947,1280,974
img_00646.jpg,168.309932947,161.265302386,120.987254551,116.957557729,1280,974
img_04129.jpg,60.9381764277,99.9169158937,41.460723877,42.6156418665,1280,720
img_06440.jpg,110.376818521,167.273265294,120.677522932,77.8041090283,1280,720
img_03750.jpg,123.582666942,125.269982474,128.426807949,83.7662764956,1280,720
img_05378.jpg,124.174476862,122.106419086,133.849618162,78.9692992824,1192,670
img_04503.jpg,335.264171873,366.40511649,366.838858468,116.025145565,1280,750
img_06037.jpg,110.316114766,147.459978376,112.226290022,77.5037386587,1280,750
img_07319.jpg,149.741200038,116.837387085,134.907902309,89.239331654,1280,720
img_06922.jpg,106.069528035,81.6115297589,78.79750388,76.1337212152,1280,720
img_06646.jpg,113.799396038,140.113813775,108.096439285,76.898896098,1518,854
img_02739.jpg,190.268869911,168.102918353,171.101924351,105.164249028,1280,750
img_06076.jpg,172.952236891,202.277635847,143.157653809,116.323191575,1280,974
img_04323.jpg,145.34133247,200.219181606,156.694314139,100.094280073,1280,750
img_06021.jpg,177.739329815,198.219844273,122.326801845,106.962332691,1280,974
img_04496.jpg,115.160324744,172.906079974,119.95400565,79.9661342588,1280,750
img_05439.jpg,119.694267,136.840482439,106.286021641,82.3775727407,1280,720
img_05137.jpg,152.342139653,127.509122576,146.275384086,89.2298596246,1280,720
img_02857.jpg,296.486564636,243.872125523,263.39191246,134.857734203,1518,854
img_07409.jpg,133.160537992,127.608598982,123.227680751,87.0335503988,1280,720
img_06369.jpg,116.539168358,177.5779484,117.485479014,74.5642960072,1244,700
img_04719.jpg,166.589948109,147.971387591,165.584335327,94.7122090203,1280,720
img_01802.jpg,193.820319516,237.954662459,220.710849898,92.083978653,1192,670
img_00620.jpg,93.6153847832,167.407542637,117.438321795,57.4838835853,1280,720
img_05156.jpg,107.677737645,136.201084682,96.07383728,74.9579143526,1280,720
img_01966.jpg,59.058870588,89.2405101229,39.3655014038,37.1474821228,1280,720
img_01716.jpg,121.786049468,198.622484888,142.364755018,91.8835157155,1276,718
img_05640.jpg,165.501161303,286.700199672,179.290967669,89.779096331,1280,720
img_01657.jpg,188.363762413,208.236127581,124.857166835,109.88070396,1280,974
img_05241.jpg,92.4153000969,113.857051305,71.924171448,65.9108877181,1280,720
img_00484.jpg,192.295810155,204.509996687,205.447278704,98.5055698668,1280,720
img_05475.jpg,107.802510943,156.735196795,119.342095511,73.8787283216,1280,720
img_03866.jpg,59.6018171311,90.5891200474,47.0702907017,37.7648254803,1280,720
img_02522.jpg,158.022218432,172.121287755,174.196679251,96.1143268857,1280,720
img_04250.jpg,104.974267142,147.906941005,93.7895093646,68.879243987,1280,720
img_07528.jpg,121.943107673,192.735094343,119.118685041,75.9067194804,1280,750
img_05516.jpg,130.26811736,110.80657959,112.965327671,85.4956851686,1280,720
img_02622.jpg,192.004464013,142.786004203,167.297450474,95.4568454197,1280,720
img_02560.jpg,178.291564669,310.749795096,196.165858678,85.4204545704,1280,720
img_06346.jpg,111.103313991,165.998764038,121.092834473,78.699096271,1280,720
img_06426.jpg,163.455815792,190.327170236,133.117719378,105.877239704,1280,924
img_00584.jpg,221.39129264,230.809088026,244.046482631,94.3277386257,1192,670
img_05857.jpg,109.183220182,174.997536795,107.462114607,70.6173706054,1280,720
img_03801.jpg,93.7525544849,147.50353132,109.808785575,68.358223353,1280,750
img_03446.jpg,177.816940955,198.311484201,122.773404803,106.674322214,1280,974
img_07183.jpg,110.371901648,162.800489153,123.829105922,77.4268402371,1280,720
img_06698.jpg,232.204578944,221.476396833,263.595363072,82.1982540404,1280,720
img_05718.jpg,110.614594051,163.281740461,124.209867205,77.590525491,1280,720
img_04266.jpg,109.840180533,166.248267038,120.347486223,77.6639904294,1280,720
img_01571.jpg,198.964055095,162.491389683,180.354396275,102.238271918,1280,750
img_00280.jpg,113.286590747,161.208091259,126.264658042,80.1235495296,1192,670
img_07330.jpg,121.579464504,192.278638567,132.624097551,86.3711275375,1280,720
img_07237.jpg,139.289339611,258.751700265,162.025560651,88.3923605511,1280,720
img_02842.jpg,107.530096599,162.743421282,120.155781337,77.2630078452,1280,720
img_00927.jpg,145.362854004,133.166743687,153.079899379,87.8641646249,1280,720
img_01179.jpg,98.6297852652,186.82346889,128.879176549,63.8852466857,1280,720
img_06685.jpg,104.917231458,179.181616613,112.36930275,76.9203851394,1276,718
img_01211.jpg,221.085548401,180.201950073,194.595031738,111.514717341,1280,750
img_07054.jpg,175.634888581,208.287920271,131.638150897,108.319772925,1280,974
img_07799.jpg,120.594066892,123.040804182,102.219870431,83.3422790256,1280,720
img_06812.jpg,71.0133752483,64.2894216605,78.9362384589,54.6531037092,1276,718
img_01222.jpg,44.5732007709,57.4992534091,20.4305498941,31.5701733317,1280,720
img_05244.jpg,112.124000277,210.101470947,140.252543858,82.2581577302,1280,720
img_00196.jpg,117.745018312,199.459486825,141.007229056,89.5313851153,1276,718
img_07179.jpg,123.312398366,202.930232457,142.700206211,90.297648566,1280,720
img_02309.jpg,184.217410428,162.828532627,165.090920585,103.352883032,1280,750
img_00591.jpg,138.713538306,122.771900722,135.51524571,87.5810950142,1280,720
img_07505.jpg,114.066477844,110.802595547,115.739356109,77.1605410746,1192,670
img_07792.jpg,147.86640031,131.013641357,153.492802211,87.9927389961,1280,720
img_05038.jpg,121.146338327,190.450286865,129.706813267,84.5556674686,1280,720
img_04814.jpg,194.051685299,215.986219134,128.375614711,112.647717748,1280,974
img_03831.jpg,185.243940558,203.698599679,125.018561227,106.715491448,1280,974
img_00030.jpg,141.508506877,165.361535209,135.27406965,97.6450464556,1280,750
img_05916.jpg,131.208248138,178.105825424,148.560725961,77.2668255226,1192,670
img_02372.jpg,127.437531608,208.664681571,136.151123047,82.5862210139,1280,720
img_06946.jpg,194.178665706,156.510075161,192.520424979,98.7845134735,1280,720
img_06921.jpg,174.379724434,296.343813351,206.729270526,82.6086602042,1192,670
img_04624.jpg,80.0009148462,128.470775059,136.272659302,63.4199278696,1280,720
img_02648.jpg,153.56904132,170.179279873,117.216796875,96.6201382535,1280,974
img_02920.jpg,114.847702299,199.739619664,118.008292062,75.9997088569,1280,720
img_01198.jpg,137.182852507,157.269103697,129.664657729,94.9013979435,1518,854
img_07594.jpg,94.0626301085,100.590656826,77.467765808,72.646745273,1280,720
img_07628.jpg,105.895318781,181.063056503,110.055291618,77.4378637758,1276,718
img_05074.jpg,111.384458542,162.301988057,119.597464902,72.6897767611,1192,670
img_07270.jpg,107.120853356,181.341072048,109.463894708,77.1193138021,1276,718
img_00380.jpg,104.952368055,133.594861712,98.5146222794,72.5304876056,1280,720
img_05268.jpg,256.648030962,234.514225551,280.54221017,89.0227930886,1280,720
img_03069.jpg,290.814971924,237.210083008,283.961552211,109.731433051,1280,720
img_06401.jpg,98.3126408712,73.4921155657,48.324268886,65.3191709519,1280,720
img_03140.jpg,125.211022241,244.270608085,151.50440761,82.8901781354,1280,720
img_07137.jpg,136.120438065,202.800031798,166.633859975,84.907057115,1192,670
img_05976.jpg,124.763353893,105.808377947,106.957386562,82.5977713722,1280,720
img_03169.jpg,186.012720448,206.186392648,124.465321132,106.762341772,1280,974
img_06555.jpg,97.3702383043,103.142623901,70.1880700246,68.8337598529,1280,720
img_06373.jpg,150.468178545,163.166558402,114.445517404,96.5733376914,1280,974
img_04004.jpg,117.300400053,184.778202602,118.723983765,66.4917898179,1280,720
img_01404.jpg,114.01867594,164.850006103,130.972562518,81.1821842193,1280,720
img_01204.jpg,116.525169509,200.455857686,142.286569936,88.4784167836,1276,718
img_02607.jpg,110.800454276,153.181947981,115.287857055,79.0457786833,1280,720
img_04422.jpg,125.289252094,134.860687256,94.00680542,82.3221144678,1280,974
img_06860.jpg,298.820206097,321.803697858,321.309007917,126.656247037,1280,750
img_05293.jpg,98.5924611771,147.937916347,121.679393223,75.0514391489,1280,720
img_07160.jpg,110.198744365,158.065229143,116.743992397,76.8123231615,1280,720
img_02769.jpg,161.436694384,160.251900809,119.179371425,111.382211634,1280,974
img_04949.jpg,176.087053503,211.057717459,140.310123989,118.744098493,1280,974
img_00816.jpg,120.889079162,219.500357151,136.689491612,85.4935392141,1276,718
img_06174.jpg,86.6832017898,137.032797677,96.8534524103,58.0624253409,1280,720
img_00828.jpg,121.594383921,198.31511191,143.198377916,93.3026600055,1276,718
img_07746.jpg,114.95154517,175.180358887,118.503559658,78.6288683755,1280,720
img_01188.jpg,79.0627486365,128.435200282,139.534225464,62.3047665189,1280,720
img_06203.jpg,139.405566624,126.839861189,143.772822789,86.8329947337,1280,720
img_06914.jpg,105.599985123,154.560143607,109.290836879,67.6484993526,1280,720
img_03055.jpg,68.8108491897,108.674970354,50.5763244629,48.0948247228,1280,720
img_07448.jpg,153.67770195,134.372940063,134.633047921,90.529005187,1280,720
img_01955.jpg,173.651639904,172.975878034,181.489584786,97.9539028235,1280,750
img_06424.jpg,123.825711864,184.351719447,110.826459612,79.1615737336,1280,750
img_05426.jpg,101.363124848,103.688103812,76.2552261354,72.2502504077,1280,720
img_01984.jpg,122.570048741,226.221182687,138.280803135,84.8643698012,1280,720
img_05186.jpg,162.895123959,202.500741141,120.401883806,103.405062675,1280,924
img_01831.jpg,108.431600843,138.586981637,95.8031790594,73.7526369095,1280,720
img_07893.jpg,123.622100013,105.853162493,106.53440203,82.1859128135,1280,720
img_07314.jpg,172.521137612,165.548324585,126.035940988,119.228409256,1280,974
img_03454.jpg,125.366525991,185.200435094,113.595809937,80.782094172,1280,750
img_06349.jpg,118.533249753,202.832180023,141.554285595,92.7340155329,1276,718
img_05085.jpg,117.826254538,181.688914708,117.919202396,76.9295164517,1192,670
img_06285.jpg,122.891255787,172.849807739,116.608069283,79.8410539115,1280,750
img_05568.jpg,110.55546999,165.731419155,97.2751072474,66.5307960342,1280,750
img_04750.jpg,223.773042917,214.126887509,223.926695517,123.270784855,1518,854
img_02733.jpg,105.248998914,100.628280639,72.1476636611,74.0553924015,1280,720
img_04073.jpg,102.692617689,152.684010097,122.411281041,76.4971773965,1280,720
img_06893.jpg,122.510899135,125.292380197,125.761827741,83.0726787021,1280,720
img_05046.jpg,121.745779855,197.781982422,143.849236625,93.564401354,1280,720
img_04240.jpg,181.253532682,158.932222639,190.612814767,91.7223092489,1280,720
img_02837.jpg,266.90101099,182.918984549,198.355037144,133.528680597,1280,974
img_03228.jpg,69.7678920199,105.349328177,56.0685838972,45.4450597081,1280,720
img_03749.jpg,112.222251892,170.458275931,121.335732596,78.3787822724,1280,720
img_01168.jpg,82.1563196181,128.366960798,162.862200056,57.2405597142,1280,720
img_00654.jpg,98.0258376259,109.602770124,76.0859734674,69.4281557629,1280,720
img_02076.jpg,188.781447172,176.662541985,170.312472173,109.650256872,1518,854
img_02307.jpg,122.353203637,195.312282017,138.629815238,88.06415626,1280,720
img_06936.jpg,190.668008157,178.002471924,179.075764247,106.712426458,1280,750
img_06549.jpg,122.734622955,205.664956229,135.523714338,81.1430699484,1280,720
img_00780.jpg,139.290018081,136.171700614,99.3455069406,95.6420620679,1280,974
img_00985.jpg,122.081819262,197.427934919,143.139375959,92.6015649522,1280,720
img_07173.jpg,120.26868122,150.564215524,122.11655753,87.3046772819,1280,750
img_00018.jpg,53.1998593467,63.6147635326,35.0767898559,38.5841591016,1280,720
img_07044.jpg,122.044009822,159.083448138,121.18170602,83.2441640752,1280,750
img_06001.jpg,114.874567304,211.237727574,122.412338257,82.2376441954,1280,720
img_07616.jpg,131.495361328,147.630571638,120.140032087,87.1540382931,1280,720
img_07583.jpg,137.942289608,195.257132394,128.590284075,95.8720756769,1280,974
img_06368.jpg,117.686674935,211.404440743,145.072479248,91.8198129108,1280,720
img_04237.jpg,143.770000458,185.420118059,129.696568081,99.7842974834,1280,974
img_06732.jpg,115.167949881,168.604387556,110.611822946,80.0210237504,1280,750
img_04586.jpg,89.8540203912,128.828724453,84.7926548549,64.1475514003,1280,720
img_05236.jpg,189.150409698,173.590730939,192.960902623,94.3311391557,1280,720
img_04001.jpg,125.22370066,231.379721505,145.802753994,83.285422325,1280,720
img_04183.jpg,196.074715682,265.17918178,232.058955601,99.1356330258,1280,750
img_03128.jpg,111.531976972,124.046554566,103.705204555,83.2819645745,1280,720
img_03135.jpg,154.330505644,137.685285296,166.051635742,88.8370922632,1280,720
img_02172.jpg,107.847633362,172.190290178,124.408841814,61.1298240933,1280,720
img_05775.jpg,135.873560224,231.625082833,158.406263079,84.0446070261,1280,720
img_05276.jpg,121.102717468,198.431042263,140.797380992,89.7590055294,1276,718
img_04642.jpg,97.9980570931,89.922101242,79.5792617627,70.9490392888,1334,750
img_01035.jpg,118.664200647,215.72845459,122.674560547,86.7664636885,1280,720
img_03584.jpg,127.150169441,183.302655901,118.803874425,77.1287083627,1280,750
img_03078.jpg,105.333309174,177.100045341,111.672744751,65.243406977,1280,720
img_00109.jpg,132.979542017,193.755384173,122.131325858,82.7873774936,1280,750
img_03674.jpg,129.871604102,157.711999076,136.322174072,91.1901589801,1280,720
img_01824.jpg,112.441953931,167.55077907,121.274108887,79.0538896832,1280,720
img_01862.jpg,111.413199561,170.112675258,121.079330445,63.5872547967,1280,720
img_04962.jpg,155.831541232,170.684454782,115.782950265,97.3357398339,1280,974
img_06690.jpg,151.386109829,155.019127982,110.206712995,99.9741619654,1280,974
img_06734.jpg,89.0603072303,133.243506295,86.4465659006,57.916917801,1280,720
img_04127.jpg,122.851806368,105.835091727,104.350607736,82.754142625,1280,720
img_05864.jpg,167.308170353,209.245627267,147.079108102,123.617336631,1280,974
img_04723.jpg,178.628266812,198.370295933,124.962114607,102.326887522,1280,974
img_06311.jpg,112.594830649,201.422119141,137.578223092,93.5455308641,1280,720
img_06186.jpg,112.136139188,174.206455775,113.739329747,71.4758307593,1280,720
img_06642.jpg,229.116022927,200.238887242,250.25390625,94.33470726,1280,720
img_05948.jpg,113.27274595,167.42628915,121.761398315,79.7227805002,1280,720
img_00763.jpg,105.570055927,180.211278064,113.993979182,77.6270288058,1276,718
img_04712.jpg,114.473372698,165.837206159,99.7289930069,71.6780509269,1280,750
img_01103.jpg,165.366996152,204.708273751,125.972355434,114.593959314,1280,974
img_06870.jpg,103.992085372,144.312733242,100.030670166,79.3441044432,1280,750
img_02291.jpg,131.016796725,197.505533423,132.415344851,86.2105334317,1276,718
img_05021.jpg,327.353145056,477.49659947,410.127999442,103.917777198,1280,720
img_03952.jpg,100.409245491,137.992826189,88.3080400737,62.2249439786,1280,720
img_01325.jpg,323.246026039,255.654928718,282.884736402,140.383985996,1518,854
img_01673.jpg,177.37351145,248.291969436,217.262935911,85.1253880773,1192,670
img_04427.jpg,126.768738883,205.944192069,144.98966762,92.8193480627,1280,720
img_04408.jpg,116.61777326,136.459993635,107.653307234,86.2572235721,1280,750
img_07051.jpg,173.432798965,198.470415388,134.48803493,109.942424638,1280,974
img_04479.jpg,114.778657641,174.959313529,119.99382019,79.4791623523,1280,720
img_05064.jpg,132.66056197,142.567116874,120.553697858,87.0815849304,1280,720
img_02146.jpg,111.128052303,155.933737551,117.06923621,74.4837532724,1192,670
img_00865.jpg,151.661011832,233.181762695,166.561933245,83.5054983411,1280,720
img_03260.jpg,95.3876045771,159.330128261,100.072926113,60.0340666089,1280,720
img_05068.jpg,120.836160013,161.438849313,112.967943464,78.2133106674,1280,750
img_03181.jpg,110.806572778,203.299342564,130.114593506,91.0577835357,1280,720
img_04126.jpg,131.52614522,151.943808675,124.38139706,90.5370872019,1518,854
img_05084.jpg,126.54812949,205.531594413,142.875486101,90.5862971716,1280,720
img_05653.jpg,274.268695048,225.543321882,224.183044434,139.44824263,1280,974
img_07304.jpg,101.465030398,168.307876587,113.368301391,62.7468926567,1280,720
img_00232.jpg,331.612114498,287.436806815,293.7966265,132.2419015,1280,974
img_05824.jpg,122.432572501,199.866027832,128.272857666,83.9343145915,1280,720
img_05349.jpg,171.376908234,209.60471017,143.13092913,117.344045945,1280,974
img_03726.jpg,111.082273211,163.516595023,124.397441319,77.8146723337,1280,720
img_07659.jpg,106.096294948,85.0653185166,79.1039875577,76.9454465593,1280,720
img_07231.jpg,98.954270993,96.0112980434,90.8000891549,74.5879731007,1280,750
img_00375.jpg,106.124189922,112.021244594,83.5948944091,76.5806967871,1280,720
img_03452.jpg,163.832438639,208.683079311,145.044141497,126.997526526,1280,974
img_07906.jpg,118.539811509,95.7651519777,68.9772197177,88.70296434,1280,974
img_01177.jpg,108.348308291,114.989100865,88.0935777937,76.2526886805,1280,720
img_06783.jpg,154.970827103,142.726767404,170.027520316,87.7166768481,1280,720
img_05147.jpg,96.7858907156,100.851898193,73.8017708914,69.8266615185,1280,720
img_03931.jpg,193.991287436,245.543317114,220.946061815,93.476379088,1192,670
img_06067.jpg,177.442851612,196.59639631,119.675336565,105.862739256,1280,974
img_01717.jpg,254.583758967,203.356236185,229.585010835,117.412000894,1334,750
img_06663.jpg,104.130723136,103.32572937,78.3932059154,73.8113880156,1280,720
img_07508.jpg,120.702292238,170.933434623,123.304138183,79.9122601748,1280,750
img_00664.jpg,128.255797965,199.120366096,132.292830263,84.0462962047,1276,718
img_02808.jpg,83.5093239374,131.939381191,70.0495801651,59.564002582,1280,720
img_00855.jpg,124.661595481,254.667619978,135.253056118,87.601142611,1280,720
img_04562.jpg,211.390410151,222.109898158,223.412322998,102.652334741,1280,750
img_03941.jpg,89.0392787116,109.232591902,69.1708701,63.5505560466,1280,720
img_03270.jpg,124.517491886,156.664919172,124.251338414,91.9088742563,1280,750
img_04002.jpg,83.5848058972,127.401373727,164.640306745,57.5726509093,1280,720
img_06038.jpg,167.822852135,163.025479998,123.515646798,116.10816443,1280,974
img_02285.jpg,120.635377509,177.198006766,108.64087786,78.3981276408,1280,750
img_01541.jpg,121.766375474,198.844806058,141.835995265,90.0521223716,1276,718
img_02911.jpg,65.0510420117,118.435832433,61.9001552034,37.9322535651,1280,720
img_02977.jpg,275.326858044,232.591588906,247.223240682,130.918952703,1518,854
img_00667.jpg,117.030347313,200.263784886,142.352499212,89.1109253169,1276,718
img_00398.jpg,129.76110833,159.122445243,131.41266959,94.1980885607,1280,750
img_06237.jpg,70.2004296439,106.508908953,85.3971263343,50.9854735646,1280,720
img_03652.jpg,175.237188339,279.895665441,206.564518656,80.9298622607,1192,670
img_02486.jpg,92.5671223231,169.200646537,97.592795236,60.3154747826,1280,720
img_01745.jpg,134.392429079,129.709832327,109.029715402,83.1263044902,1280,720
img_01116.jpg,111.104233606,196.865430559,133.689967564,79.4468654904,1280,720
img_03064.jpg,127.067736217,206.444658552,139.352896554,89.0622752053,1280,720
img_07192.jpg,134.550094537,198.441994258,132.191013643,80.3470716647,1276,718
img_03222.jpg,114.500602995,167.590212141,125.913979667,68.4464611326,1280,720
img_05463.jpg,166.265630722,143.630360195,179.527151925,89.0719863348,1280,720
img_00129.jpg,114.885835647,92.0374080114,92.2862134663,80.2680199486,1280,720
img_01632.jpg,119.344150918,209.266760077,124.562003272,83.7825803077,1276,718
img_07187.jpg,180.483392307,143.436878749,159.498378209,96.9602976526,1280,750
img_02771.jpg,89.3176337652,133.214122227,74.298711504,51.6161727906,1280,720
img_02281.jpg,98.1538479669,168.448769706,108.958772932,70.5687107358,1280,720
img_00858.jpg,221.607276372,326.516614642,251.224997384,97.895730819,1280,750
img_00133.jpg,107.440035684,178.317391532,122.627596174,73.3904497964,1280,720
img_02083.jpg,121.00856781,203.996189662,141.704733713,88.6291919434,1280,720
img_01930.jpg,105.01801627,136.258741106,98.9071219309,71.40958786,1280,720
img_06571.jpg,76.620534488,118.683264596,63.3387810846,45.127311434,1280,720
img_07553.jpg,151.289512089,274.777744838,158.682098389,90.0355461666,1280,720
img_02702.jpg,133.73707802,169.126206773,152.075807163,89.8006583964,1276,718
img_04036.jpg,127.601762499,206.684679304,140.844573975,90.0963142939,1280,720
img_06916.jpg,112.867097854,170.930971418,103.575417655,70.2241066524,1280,720
img_06489.jpg,102.909830638,165.448401315,107.556621006,68.5979584287,1280,720
img_07086.jpg,211.971906934,176.83038984,213.895198277,98.1067146573,1280,720
img_05336.jpg,77.2624622073,121.709267753,62.1063504903,51.7570393426,1280,720
img_01633.jpg,113.205074583,167.935834612,121.223024641,79.3908487048,1280,720
img_07050.jpg,106.542124067,107.409994943,81.2491008211,74.8161343167,1280,720
img_03715.jpg,92.8974539893,153.994238717,97.7686854771,62.6083312715,1280,720
img_07005.jpg,132.11844308,145.153034755,134.043862479,80.7489415578,1280,720
img_04554.jpg,123.174762726,113.7210192,111.091515677,81.2013122012,1280,720
img_03548.jpg,67.087270873,91.059957232,51.2984466553,53.6880888257,1280,720
img_00358.jpg,85.4997376034,71.5341077531,51.969871521,66.7069796154,1280,720
img_07426.jpg,134.922470365,131.291732788,127.706538609,87.938782147,1280,720
img_03043.jpg,155.742783546,153.979394095,112.475640433,107.265586734,1280,974
img_03942.jpg,169.391253335,146.212158203,159.235305786,92.0854098456,1280,720
img_02422.jpg,168.596571514,138.740855626,165.539845058,92.9209593365,1280,720
img_07526.jpg,106.330421431,96.7102268766,63.3334895543,78.1246024712,1280,974
img_07045.jpg,118.864145279,165.102526256,128.116949354,75.5563133954,1192,670
img_03825.jpg,101.148143496,166.888318743,96.2405395509,67.7825178419,1280,720
img_05657.jpg,114.539858222,141.018237437,108.005035247,77.1110426189,1518,854
img_00773.jpg,95.2050856182,105.645991734,79.3721171789,67.4020733153,1280,720
img_04138.jpg,84.9165916442,123.760811942,89.337730408,57.5949730191,1280,720
img_00757.jpg,136.040108545,122.015707833,105.616738455,84.6502467564,1280,720
img_02159.jpg,133.368922642,160.232718331,140.542035784,84.3346289227,1280,720
img_06616.jpg,122.879566465,129.706170218,140.639888218,81.6144153049,1280,720
img_03342.jpg,167.272718974,144.942637852,183.040815081,88.3601372581,1280,720
img_04271.jpg,105.229122979,108.412028721,97.3646109446,79.2953927177,1280,720
img_06477.jpg,87.74431433,95.8315168109,68.2782472886,68.0185767584,1280,720
img_05440.jpg,108.399782181,136.750324794,101.566707066,76.1042751586,1280,720
img_02666.jpg,125.800595931,216.764705045,139.881476879,85.7326595612,1276,718
img_03602.jpg,108.708012445,164.74382673,120.39453779,77.4650532857,1280,720
img_04386.jpg,310.561646053,240.322723389,295.382036482,116.93340029,1280,720
img_07062.jpg,108.122475488,195.270276751,116.991849627,78.1791462219,1280,720
img_04559.jpg,160.849427359,120.952638899,100.238810948,109.21378558,1280,974
img_05672.jpg,78.8360575269,128.988723755,137.671781267,62.5308997291,1280,720
img_04885.jpg,107.024002075,158.429903303,123.821847098,77.4086502619,1280,720
img_03520.jpg,91.2887477875,89.1335569109,60.6811087474,68.1206233159,1280,720
img_06845.jpg,187.71116393,189.105922154,195.079323905,98.9602579389,1280,720
img_05735.jpg,154.881624494,133.999666486,154.999335153,89.3641846519,1280,720
img_06259.jpg,137.634366291,138.012913295,98.9443315777,92.0040502548,1280,974
img_00718.jpg,101.817684174,123.06438991,88.319756644,71.3197231293,1280,720
img_03355.jpg,125.95806803,203.973061698,139.500209263,88.8950708936,1280,720
img_07469.jpg,159.518742152,161.781616211,117.527945382,106.764257584,1280,974
img_03896.jpg,126.217616456,179.117289952,114.642235892,77.3391723633,1280,750
img_03967.jpg,101.201327869,198.189283098,122.760947091,75.0373935699,1280,720
img_01379.jpg,99.0035043445,167.328567505,113.800288609,61.2274994167,1280,720
img_00598.jpg,83.7967463904,110.071585519,80.0119835989,54.5937742504,1280,720
img_05731.jpg,332.011151994,478.522295271,413.857291085,108.385423933,1280,720
img_04921.jpg,114.89195415,173.473957607,118.751623971,79.5475816727,1280,720
img_02194.jpg,172.396968944,273.297348976,207.559261867,80.1366254261,1192,670
img_02400.jpg,105.152721405,157.378005982,122.539138794,63.5699292593,1280,720
img_05940.jpg,117.38678813,179.521364485,110.555899484,71.7336748326,1280,750
img_05838.jpg,110.482390267,175.8429936,109.624448504,71.1138398307,1280,720
img_01426.jpg,167.876378775,207.900020054,142.578986031,120.528905903,1280,974
img_00837.jpg,55.1724692754,66.9549833023,35.0343404497,34.5788914818,1280,720
img_04015.jpg,188.259205137,327.224949428,205.201764788,89.2847667423,1280,720
img_06985.jpg,90.3941406524,141.238000053,93.7941196989,58.0809279851,1280,720
img_00716.jpg,118.109795707,185.845620291,126.025565011,80.0063773563,1280,720
img_00053.jpg,113.796178273,145.41103908,111.866901943,82.5949696134,1280,720
img_05572.jpg,128.679415839,206.255078997,140.31161717,89.202350889,1280,720
img_00244.jpg,63.6719451631,79.6289934429,56.3077599662,44.7108731952,1280,720
img_02646.jpg,107.133003218,167.231597901,111.988579886,76.2053068195,1280,750
img_01976.jpg,167.412507534,204.670540946,124.157333374,104.377209663,1280,924
img_06261.jpg,229.116905757,192.699781145,221.492353167,100.948752676,1280,720
img_07213.jpg,112.76540075,207.003980364,133.749019078,89.1979551315,1280,720
img_07065.jpg,109.432080133,160.895462036,123.843787057,77.8521067756,1280,720
img_04975.jpg,113.541003636,118.231626238,105.574711391,82.2754342215,1280,720
img_03527.jpg,184.249260664,204.912349156,125.955745152,108.52713682,1280,974
img_06065.jpg,121.777672086,192.308480399,132.377046858,85.8288860322,1280,720
img_04856.jpg,92.7539328166,96.99017116,66.3344464983,67.1804952621,1280,720
img_03587.jpg,252.080121721,218.243386405,280.656193325,91.0444062095,1280,720
img_04563.jpg,110.773736409,168.103790283,120.419529506,78.2111610685,1280,720
img_02602.jpg,111.08443124,219.690159389,137.573122297,78.790303639,1280,720
img_00914.jpg,127.87676709,188.030308315,118.004084996,79.9303267684,1280,750
img_05805.jpg,180.451126099,307.342289516,189.027186802,86.9586692538,1280,720
img_03837.jpg,93.5189662661,162.665318081,98.0593654086,64.0926933287,1280,720
img_04375.jpg,107.663367135,196.088256836,118.990827288,80.6291770934,1280,720
img_07621.jpg,205.078513282,169.296918597,213.709062849,96.2089981351,1280,720
img_03627.jpg,129.605844838,193.126277924,130.988640955,85.1541291816,1276,718
img_05794.jpg,130.432998112,231.767534529,148.109872001,85.0140156063,1280,720
img_02703.jpg,121.114228453,156.475045341,158.620136806,79.1504297936,1280,750
img_00161.jpg,107.525429555,142.096557617,105.729915074,74.8244609153,1280,750
img_05743.jpg,90.2542121071,113.503843035,69.683647156,64.2598547255,1280,720
img_02412.jpg,116.124668292,151.227427891,130.614209857,85.7977420092,1280,750
img_04204.jpg,128.116518259,186.254446847,118.244421823,77.6741611105,1280,750
img_04101.jpg,112.221503939,206.425388881,126.678488595,83.1780542645,1280,720
img_01373.jpg,108.967760631,147.823322841,106.664101737,70.8393900735,1280,720
img_01289.jpg,116.637762615,179.164265224,121.779218401,79.9400547572,1280,720
img_05328.jpg,116.911206927,160.073950631,122.678037371,79.3610406773,1280,750
img_07375.jpg,211.961509159,203.426884242,236.631971087,83.9212560653,1280,720
